Code,Name,Population,SEIFA score,"Percentage of population in decile 1  (0 - 10% of values)
(most disadvantaged)","Percentage of population in decile 2  (10 - 20% of values)
(most disadvantaged)","Percentage of population in decile 3  (20 - 30% of values)
(most disadvantaged)","Percentage of population in decile 4  (30 - 40% of values)
(most disadvantaged)","Percentage of population in decile 5  (40 - 50% of values)
(most disadvantaged)","Percentage of population in decile 6  (50 - 60% of values)
(most disadvantaged)","Percentage of population in decile 7  (60 - 70% of values)
(most disadvantaged)","Percentage of population in decile 8  (70 - 80% of values)
(most disadvantaged)","Percentage of population in decile 9  (80 - 90% of values)
(most disadvantaged)","Percentage of population in decile 10  (90 - 100% of values)
(most disadvantaged)",Overall decile position
315011395,Aurukun,1269.00,504.36,100.0%,0.0%,0.0%,0.0%,0.0%,0.0%,0.0%,0.0%,0.0%,0.0%,1
311021306,Beenleigh,8252.00,860.19,39.0%,36.0%,13.8%,5.3%,2.7%,3.2%,0.0%,0.0%,0.0%,0.0%,1
308031205,Berserker,6875.00,877.35,43.9%,44.9%,11.2%,0.0%,0.0%,0.0%,0.0%,0.0%,0.0%,0.0%,1
319011495,Bundaberg,6116.00,816.49,69.8%,30.2%,0.0%,0.0%,0.0%,0.0%,0.0%,0.0%,0.0%,0.0%,1
319051522,Burrum - Fraser,9572.00,893.08,40.6%,30.3%,17.3%,11.8%,0.0%,0.0%,0.0%,0.0%,0.0%,0.0%,1
313021365,Caboolture,26827.00,892.68,33.0%,25.6%,6.7%,14.0%,11.1%,6.2%,3.5%,0.0%,0.0%,0.0%,1
313021366,Caboolture - South,20349.00,888.86,30.8%,50.7%,6.4%,8.6%,3.5%,0.0%,0.0%,0.0%,0.0%,0.0%,1
315011396,Cape York,7513.00,782.87,56.7%,20.2%,9.9%,8.9%,2.2%,0.0%,0.0%,2.1%,0.0%,0.0%,1
315021404,Carpentaria,4828.00,716.75,77.7%,6.2%,10.9%,5.2%,0.0%,0.0%,0.0%,0.0%,0.0%,0.0%,1
319031511,Cooloola,6263.00,880.37,53.3%,29.1%,14.4%,3.2%,0.0%,0.0%,0.0%,0.0%,0.0%,0.0%,1
311031314,Crestmead,11989.00,896.60,20.9%,53.4%,25.7%,0.0%,0.0%,0.0%,0.0%,0.0%,0.0%,0.0%,1
313041373,Deception Bay,22446.00,901.39,48.1%,21.0%,6.8%,6.9%,0.0%,8.2%,5.8%,1.5%,1.7%,0.0%,1
311021307,Eagleby,13326.00,857.85,57.1%,33.6%,9.3%,0.0%,0.0%,0.0%,0.0%,0.0%,0.0%,0.0%,1
318021475,Garbutt - West End,6533.00,901.52,24.2%,27.4%,16.5%,11.3%,14.8%,5.8%,0.0%,0.0%,0.0%,0.0%,1
317011448,Gatton,7434.00,897.22,45.4%,15.1%,18.0%,5.3%,10.9%,0.0%,5.4%,0.0%,0.0%,0.0%,1
319021504,Gin Gin,5117.00,862.38,52.7%,34.4%,12.9%,0.0%,0.0%,0.0%,0.0%,0.0%,0.0%,0.0%,1
310041300,Goodna,10884.00,858.64,45.4%,33.2%,21.4%,0.0%,0.0%,0.0%,0.0%,0.0%,0.0%,0.0%,1
319051523,Granville,3211.00,870.29,55.4%,25.2%,0.0%,0.0%,15.3%,0.0%,4.1%,0.0%,0.0%,0.0%,1
319031512,Gympie - North,14220.00,881.06,54.4%,14.3%,14.8%,9.6%,3.7%,3.2%,0.0%,0.0%,0.0%,0.0%,1
318021477,Heatley,4038.00,895.19,35.5%,32.8%,20.5%,11.2%,0.0%,0.0%,0.0%,0.0%,0.0%,0.0%,1
306051167,Herberton,5638.00,865.75,54.3%,34.2%,11.5%,0.0%,0.0%,0.0%,0.0%,0.0%,0.0%,0.0%,1
310011274,Inala - Richlands,18010.00,754.24,80.5%,10.0%,9.4%,0.0%,0.0%,0.0%,0.0%,0.0%,0.0%,0.0%,1
306031159,Innisfail,9377.00,879.14,47.1%,21.4%,19.7%,5.3%,3.4%,3.2%,0.0%,0.0%,0.0%,0.0%,1
319021506,Kingaroy Region - North,9566.00,835.37,41.8%,24.8%,13.9%,12.5%,7.0%,0.0%,0.0%,0.0%,0.0%,0.0%,1
311061330,Kingston (Qld.),10413.00,810.48,88.1%,11.9%,0.0%,0.0%,0.0%,0.0%,0.0%,0.0%,0.0%,0.0%,1
315011398,Kowanyama - Pormpuraaw,1700.00,612.07,97.2%,2.8%,0.0%,0.0%,0.0%,0.0%,0.0%,0.0%,0.0%,0.0%,1
310031291,Leichhardt - One Mile,7654.00,843.87,67.7%,11.5%,15.0%,0.0%,2.3%,0.0%,3.4%,0.0%,0.0%,0.0%,1
311061331,Logan Central,6133.00,731.43,93.2%,6.8%,0.0%,0.0%,0.0%,0.0%,0.0%,0.0%,0.0%,0.0%,1
311051326,Loganlea,10434.00,900.06,40.1%,12.7%,16.9%,10.3%,4.2%,15.7%,0.0%,0.0%,0.0%,0.0%,1
312021346,Mackay,3659.00,874.00,63.4%,26.6%,0.0%,0.0%,0.0%,10.1%,0.0%,0.0%,0.0%,0.0%,1
306021151,Manoora,6027.00,794.83,68.2%,21.9%,9.9%,0.0%,0.0%,0.0%,0.0%,0.0%,0.0%,0.0%,1
306021152,Manunda,5390.00,828.68,64.5%,24.3%,0.0%,4.5%,6.7%,0.0%,0.0%,0.0%,0.0%,0.0%,1
311031317,Marsden,14447.00,879.34,27.3%,63.8%,6.6%,2.2%,0.0%,0.0%,0.0%,0.0%,0.0%,0.0%,1
319051524,Maryborough (Qld),18238.00,866.12,57.5%,22.9%,6.0%,3.3%,5.4%,0.0%,1.4%,3.5%,0.0%,0.0%,1
319051525,Maryborough Region - South,8395.00,898.72,29.0%,30.2%,15.2%,10.0%,5.6%,10.0%,0.0%,0.0%,0.0%,0.0%,1
308031212,Mount Morgan,2941.00,784.34,93.0%,0.0%,7.0%,0.0%,0.0%,0.0%,0.0%,0.0%,0.0%,0.0%,1
319021509,Nanango,9678.00,860.60,55.7%,31.6%,7.0%,3.3%,2.4%,0.0%,0.0%,0.0%,0.0%,0.0%,1
315011399,Northern Peninsula,2796.00,694.21,100.0%,0.0%,0.0%,0.0%,0.0%,0.0%,0.0%,0.0%,0.0%,0.0%,1
318011466,Palm Island,2446.00,561.95,100.0%,0.0%,0.0%,0.0%,0.0%,0.0%,0.0%,0.0%,0.0%,0.0%,1
301021527,Redland Islands,9016.00,850.58,59.0%,23.6%,9.5%,0.0%,7.9%,0.0%,0.0%,0.0%,0.0%,0.0%,1
310031295,Riverview,3073.00,780.38,76.6%,23.4%,0.0%,0.0%,0.0%,0.0%,0.0%,0.0%,0.0%,0.0%,1
308031217,Rockhampton City,3262.00,827.99,76.4%,20.1%,0.0%,3.5%,0.0%,0.0%,0.0%,0.0%,0.0%,0.0%,1
303051076,Rocklea - Acacia Ridge,9561.00,886.70,38.4%,23.3%,25.8%,12.4%,0.0%,0.0%,0.0%,0.0%,0.0%,0.0%,1
311061333,Slacks Creek,10432.00,882.79,45.4%,32.6%,10.3%,3.3%,8.3%,0.0%,0.0%,0.0%,0.0%,0.0%,1
319011501,Svensson Heights - Norville,5611.00,884.59,52.9%,22.0%,19.1%,4.2%,0.0%,0.0%,0.0%,0.0%,1.9%,0.0%,1
307011178,Tara,4221.00,859.25,58.3%,14.0%,8.8%,0.0%,6.5%,0.0%,5.1%,7.3%,0.0%,0.0%,1
319041520,Torquay - Scarness - Kawungan,14999.00,893.64,37.7%,35.9%,12.1%,2.8%,6.3%,3.5%,1.7%,0.0%,0.0%,0.0%,1
315011401,Torres,3610.00,900.91,41.7%,3.0%,39.4%,6.1%,9.9%,0.0%,0.0%,0.0%,0.0%,0.0%,1
315011402,Torres Strait Islands,4514.00,672.46,100.0%,0.0%,0.0%,0.0%,0.0%,0.0%,0.0%,0.0%,0.0%,0.0%,1
310011276,Wacol,5816.00,763.09,74.1%,8.9%,13.9%,0.0%,3.1%,0.0%,0.0%,0.0%,0.0%,0.0%,1
319011502,Walkervale - Avenell Heights,10696.00,887.27,37.7%,32.4%,17.0%,5.0%,3.1%,0.0%,4.8%,0.0%,0.0%,0.0%,1
311051328,Waterford West,7244.00,895.54,36.0%,22.6%,9.7%,31.7%,0.0%,0.0%,0.0%,0.0%,0.0%,0.0%,1
306021154,Westcourt - Bungalow,6333.00,853.81,66.5%,11.3%,7.9%,0.0%,0.0%,0.0%,14.3%,0.0%,0.0%,0.0%,1
311061336,Woodridge,12579.00,766.44,93.1%,6.9%,0.0%,0.0%,0.0%,0.0%,0.0%,0.0%,0.0%,0.0%,1
306021157,Woree,4821.00,867.63,59.4%,21.3%,0.0%,5.1%,14.1%,0.0%,0.0%,0.0%,0.0%,0.0%,1
306031163,Yarrabah,2559.00,518.02,100.0%,0.0%,0.0%,0.0%,0.0%,0.0%,0.0%,0.0%,0.0%,0.0%,1
308051530,Agnes Water - Miriam Vale,6022.00,922.37,30.4%,14.6%,21.7%,24.9%,7.3%,0.0%,0.0%,0.0%,1.1%,0.0%,2
311011305,Beaudesert,13915.00,924.31,31.0%,24.0%,6.3%,7.2%,19.6%,6.8%,5.1%,0.0%,0.0%,0.0%,2
312011337,Bowen,9105.00,915.68,18.6%,28.2%,43.2%,2.8%,7.3%,0.0%,0.0%,0.0%,0.0%,0.0%,2
311031312,Browns Plains,7368.00,930.84,25.3%,0.0%,52.0%,6.8%,0.0%,9.4%,6.4%,0.0%,0.0%,0.0%,2
319011497,Bundaberg North - Gooburrum,7221.00,915.91,36.2%,30.5%,2.9%,4.3%,13.4%,0.0%,4.4%,2.9%,5.5%,0.0%,2
319011499,Bundaberg Region - South,9835.00,929.48,18.0%,23.9%,29.5%,19.3%,9.2%,0.0%,0.0%,0.0%,0.0%,0.0%,2
310031284,Bundamba,8917.00,919.58,21.6%,26.6%,18.5%,29.7%,3.6%,0.0%,0.0%,0.0%,0.0%,0.0%,2
316021419,Caloundra - Kings Beach,6699.00,926.32,23.4%,12.6%,33.5%,12.6%,13.1%,4.8%,0.0%,0.0%,0.0%,0.0%,2
308011190,Central Highlands - East,7291.00,923.73,13.2%,23.1%,12.1%,14.4%,8.6%,7.9%,7.6%,8.8%,4.3%,0.0%,2
318011462,Charters Towers,8120.00,908.84,26.7%,33.3%,24.6%,6.1%,3.1%,0.0%,6.2%,0.0%,0.0%,0.0%,2
312011340,Collinsville,3456.00,936.40,17.7%,21.5%,26.4%,8.6%,25.7%,0.0%,0.0%,0.0%,0.0%,0.0%,2
318021471,Condon - Rasmussen,10475.00,929.66,23.7%,19.2%,12.8%,17.9%,20.1%,1.0%,0.0%,0.0%,5.5%,0.0%,2
315011397,Croydon - Etheridge,1091.00,918.73,0.0%,51.0%,49.0%,0.0%,0.0%,0.0%,0.0%,0.0%,0.0%,0.0%,2
317011447,Drayton - Harristown,10198.00,924.28,10.7%,28.7%,41.9%,9.2%,6.7%,2.8%,0.0%,0.0%,0.0%,0.0%,2
310011272,Durack,7948.00,922.41,18.2%,30.5%,20.2%,19.5%,0.0%,11.6%,0.0%,0.0%,0.0%,0.0%,2
310021278,Esk,5158.00,922.36,15.2%,33.6%,29.8%,17.4%,3.9%,0.0%,0.0%,0.0%,0.0%,0.0%,2
315031411,Far South West,2802.00,925.34,36.4%,8.8%,9.4%,11.2%,21.5%,0.0%,12.7%,0.0%,0.0%,0.0%,2
319021503,Gayndah - Mundubbera,6658.00,915.31,28.2%,31.2%,13.3%,10.7%,16.7%,0.0%,0.0%,0.0%,0.0%,0.0%,2
308051534,Gladstone,6014.00,917.11,32.4%,20.2%,31.7%,6.9%,0.0%,0.0%,0.0%,0.0%,8.8%,0.0%,2
318021476,Gulliver - Currajong - Vincent,7731.00,918.58,23.0%,6.9%,52.6%,4.7%,12.8%,0.0%,0.0%,0.0%,0.0%,0.0%,2
319031513,Gympie - South,6746.00,935.45,26.3%,0.0%,3.9%,35.6%,10.5%,18.7%,4.9%,0.0%,0.0%,0.0%,2
318021479,Hyde Park - Pimlico,4656.00,932.48,22.7%,35.4%,19.1%,0.0%,12.9%,0.0%,0.0%,10.0%,0.0%,0.0%,2
318011464,Ingham,4426.00,923.71,0.0%,71.5%,5.7%,19.2%,3.5%,0.0%,0.0%,0.0%,0.0%,0.0%,2
307011174,Inglewood - Waggamba,4244.00,936.70,33.4%,7.4%,0.0%,32.3%,5.2%,7.4%,4.3%,10.1%,0.0%,0.0%,2
310031286,Ipswich - Central,6558.00,930.95,13.2%,16.8%,32.5%,0.0%,34.4%,3.1%,0.0%,0.0%,0.0%,0.0%,2
310031287,Ipswich - East,17894.00,917.00,20.2%,33.8%,23.7%,14.2%,8.0%,0.0%,0.0%,0.0%,0.0%,0.0%,2
313031370,Kilcoy,5383.00,929.26,21.0%,29.4%,6.2%,23.2%,20.2%,0.0%,0.0%,0.0%,0.0%,0.0%,2
319031515,Kilkivan,3691.00,918.88,33.6%,20.3%,0.0%,30.3%,15.8%,0.0%,0.0%,0.0%,0.0%,0.0%,2
319021505,Kingaroy,10289.00,929.08,36.1%,14.8%,11.3%,14.4%,0.0%,0.0%,8.7%,10.0%,2.1%,2.6%,2
318021481,Kirwan - East,7813.00,915.77,16.2%,29.7%,25.2%,15.8%,13.1%,0.0%,0.0%,0.0%,0.0%,0.0%,2
309031238,Labrador,18261.00,931.37,14.3%,39.3%,20.1%,11.1%,3.9%,6.5%,1.8%,2.9%,0.0%,0.0%,2
308031211,Lakes Creek,4876.00,904.95,24.6%,49.7%,4.3%,15.3%,0.0%,5.2%,0.0%,0.9%,0.0%,0.0%,2
310021280,Lockyer Valley - East,19814.00,933.93,24.3%,14.2%,21.4%,26.0%,10.3%,3.9%,0.0%,0.0%,0.0%,0.0%,2
310021281,Lowood,14052.00,930.73,25.2%,18.3%,7.8%,15.0%,19.4%,14.4%,0.0%,0.0%,0.0%,0.0%,2
306051170,Mareeba,11079.00,918.98,33.6%,6.9%,9.9%,27.5%,4.0%,9.3%,8.8%,0.0%,0.0%,0.0%,2
313051378,Margate - Woody Point,11696.00,933.76,8.4%,33.5%,28.7%,18.0%,7.2%,4.1%,0.0%,0.0%,0.0%,0.0%,2
319011500,Millbank - Avoca,7415.00,933.57,21.8%,19.6%,12.3%,26.4%,15.1%,0.0%,4.3%,0.0%,0.5%,0.0%,2
319021508,Monto - Eidsvold,3827.00,915.99,30.2%,22.8%,16.2%,6.4%,19.4%,0.0%,5.0%,0.0%,0.0%,0.0%,2
313021368,Morayfield - East,8434.00,936.07,13.8%,24.4%,34.1%,21.9%,5.8%,0.0%,0.0%,0.0%,0.0%,0.0%,2
317011453,Newtown (Qld),9596.00,916.83,20.8%,40.7%,31.2%,2.8%,4.5%,0.0%,0.0%,0.0%,0.0%,0.0%,2
310031292,North Ipswich - Tivoli,6394.00,923.09,21.9%,17.8%,33.5%,22.0%,4.9%,0.0%,0.0%,0.0%,0.0%,0.0%,2
312021349,North Mackay,6000.00,927.88,30.7%,11.3%,33.5%,14.3%,0.0%,5.0%,0.0%,0.0%,5.3%,0.0%,2
317011454,North Toowoomba - Harlaxton,5734.00,934.40,28.1%,14.2%,14.5%,16.0%,16.3%,0.0%,10.8%,0.0%,0.0%,0.0%,2
308031214,Park Avenue,5094.00,926.01,15.7%,39.2%,24.2%,20.9%,0.0%,0.0%,0.0%,0.0%,0.0%,0.0%,2
319041518,Pialba - Eli Waters,13948.00,922.56,24.5%,32.8%,8.6%,11.5%,16.1%,0.0%,3.6%,3.0%,0.0%,0.0%,2
319041519,Point Vernon,5699.00,915.30,16.4%,45.5%,32.3%,5.8%,0.0%,0.0%,0.0%,0.0%,0.0%,0.0%,2
310041302,Redbank Plains,19299.00,917.82,17.8%,44.6%,19.7%,15.6%,2.3%,0.0%,0.0%,0.0%,0.0%,0.0%,2
313051379,Redcliffe,10164.00,928.74,19.8%,8.8%,40.1%,26.1%,0.0%,2.1%,0.0%,2.9%,0.0%,0.0%,2
312021355,Slade Point,3349.00,932.00,15.6%,32.5%,25.2%,9.0%,10.6%,7.1%,0.0%,0.0%,0.0%,0.0%,2
312021356,South Mackay,6704.00,924.62,26.6%,18.0%,16.2%,16.5%,22.8%,0.0%,0.0%,0.0%,0.0%,0.0%,2
309091540,Southport - North,14697.00,927.60,26.3%,32.0%,23.8%,0.0%,0.0%,10.6%,7.4%,0.0%,0.0%,0.0%,2
307031187,Stanthorpe,5406.00,910.45,38.5%,34.0%,5.0%,0.0%,13.0%,4.2%,5.4%,0.0%,0.0%,0.0%,2
307031189,Warwick,15130.00,921.79,31.5%,10.0%,22.5%,18.6%,7.5%,4.5%,2.3%,1.7%,1.4%,0.0%,2
308051539,West Gladstone,4709.00,931.96,9.5%,39.3%,22.5%,13.9%,14.8%,0.0%,0.0%,0.0%,0.0%,0.0%,2
306021155,White Rock,4730.00,928.21,32.0%,20.5%,22.4%,0.0%,14.1%,10.9%,0.0%,0.0%,0.0%,0.0%,2
317011459,Wilsonton,13310.00,913.28,21.1%,41.8%,18.2%,5.6%,9.3%,1.8%,2.2%,0.0%,0.0%,0.0%,2
318021467,Aitkenvale,4790.00,939.64,13.3%,27.9%,17.2%,21.9%,8.9%,7.2%,0.0%,3.6%,0.0%,0.0%,3
319011492,Ashfield - Kepnock,5229.00,938.19,6.8%,47.1%,29.6%,0.0%,0.0%,0.0%,0.0%,0.0%,16.5%,0.0%,3
306051166,Atherton,10708.00,958.08,11.0%,20.5%,22.5%,10.6%,2.3%,16.8%,7.8%,8.4%,0.0%,0.0%,3
318011460,Ayr,9098.00,946.30,14.2%,17.2%,42.3%,6.2%,7.0%,0.0%,3.0%,3.7%,4.3%,2.1%,3
313011362,Beachmere - Sandstone Point,14892.00,955.65,0.0%,31.6%,21.5%,24.2%,9.1%,4.4%,4.0%,5.3%,0.0%,0.0%,3
311051323,Bethania - Waterford,10870.00,947.81,25.8%,12.5%,9.7%,14.7%,9.4%,25.8%,0.0%,2.1%,0.0%,0.0%,3
319041516,Booral - River Heads,4602.00,957.15,18.8%,0.0%,21.9%,44.7%,14.6%,0.0%,0.0%,0.0%,0.0%,0.0%,3
311031311,Boronia Heights - Park Ridge,12237.00,945.12,4.8%,38.1%,34.9%,8.4%,1.6%,2.7%,9.5%,0.0%,0.0%,0.0%,3
310031283,Brassall,10898.00,941.25,23.5%,15.8%,27.2%,8.8%,0.0%,14.1%,0.0%,8.1%,2.5%,0.0%,3
313011363,Bribie Island,18142.00,938.79,20.3%,28.8%,13.3%,8.3%,8.9%,6.7%,4.7%,5.8%,1.4%,1.9%,3
319011496,Bundaberg East - Kalkie,5475.00,948.43,20.6%,18.5%,7.8%,5.4%,9.2%,13.4%,25.1%,0.0%,0.0%,0.0%,3
319011498,Bundaberg Region - North,8866.00,940.24,14.7%,21.0%,24.9%,28.7%,5.4%,0.0%,5.2%,0.0%,0.0%,0.0%,3
306021145,Cairns City,11439.00,958.59,8.7%,24.2%,11.2%,27.2%,5.4%,8.6%,8.9%,5.9%,0.0%,0.0%,3
315031409,Charleville,4307.00,943.36,13.1%,30.6%,30.7%,10.4%,0.0%,0.0%,10.3%,4.8%,0.0%,0.0%,3
307011172,Chinchilla,8129.00,964.16,6.1%,31.9%,10.3%,21.0%,13.2%,4.8%,0.0%,12.8%,0.0%,0.0%,3
313051377,Clontarf,8251.00,966.03,0.0%,11.4%,33.0%,28.0%,16.4%,11.2%,0.0%,0.0%,0.0%,0.0%,3
310041299,Collingwood Park - Redbank,8517.00,952.35,20.0%,6.9%,33.0%,17.0%,5.5%,0.0%,17.7%,0.0%,0.0%,0.0%,3
309031237,Coombabah,10388.00,954.76,11.2%,20.5%,25.3%,14.3%,7.3%,11.7%,2.1%,3.3%,4.3%,0.0%,3
318021472,Cranbrook,5908.00,958.55,0.0%,31.7%,20.4%,21.7%,5.5%,7.8%,7.6%,0.0%,0.0%,5.3%,3
307021179,Crows Nest - Rosalie,8560.00,944.20,19.5%,16.8%,12.1%,25.1%,12.1%,4.5%,4.2%,5.7%,0.0%,0.0%,3
306041164,Daintree,6348.00,952.53,8.6%,20.8%,37.7%,0.0%,5.0%,9.0%,12.2%,6.7%,0.0%,0.0%,3
314021388,Dakabin - Kallangur,23932.00,965.66,7.0%,14.9%,14.0%,25.0%,22.0%,7.4%,6.8%,2.9%,0.0%,0.0%,3
317011446,Darling Heights,13740.00,956.20,6.3%,23.5%,38.0%,14.1%,2.4%,5.1%,0.0%,4.1%,6.5%,0.0%,3
310011271,Darra - Sumner,4932.00,955.34,10.4%,31.1%,11.6%,23.2%,11.8%,0.0%,0.0%,11.8%,0.0%,0.0%,3
312021343,East Mackay,3569.00,958.50,31.1%,0.0%,0.0%,0.0%,39.8%,8.1%,0.0%,13.4%,7.6%,0.0%,3
306021147,Edmonton,10753.00,956.03,13.1%,8.8%,34.5%,14.0%,5.0%,11.1%,4.5%,7.7%,0.0%,1.3%,3
308031207,Emu Park,5466.00,939.63,11.2%,32.6%,22.9%,0.0%,27.2%,0.0%,6.1%,0.0%,0.0%,0.0%,3
315031410,Far Central West,2114.00,945.58,12.9%,31.7%,17.0%,12.6%,13.7%,0.0%,12.2%,0.0%,0.0%,0.0%,3
308031210,Gracemere,11665.00,958.76,3.5%,27.8%,15.6%,31.6%,11.5%,4.0%,5.8%,0.0%,0.0%,0.0%,3
319031514,Gympie Region,18564.00,953.90,15.0%,6.9%,27.2%,24.6%,15.6%,6.6%,4.0%,0.0%,0.0%,0.0%,3
318021478,Hermit Park - Rosslea,5149.00,954.74,0.0%,46.0%,20.4%,0.0%,12.4%,19.2%,0.0%,0.0%,0.0%,2.1%,3
306031160,Johnstone,7889.00,965.14,8.1%,16.0%,22.5%,21.6%,12.8%,12.7%,5.9%,0.4%,0.0%,0.0%,3
307021180,Jondaryan,7508.00,948.95,28.4%,15.7%,10.3%,5.4%,3.7%,18.2%,8.8%,4.9%,4.7%,0.0%,3
318021480,Kelso,10630.00,936.88,18.0%,26.8%,27.0%,2.6%,7.1%,0.0%,7.3%,11.3%,0.0%,0.0%,3
314031392,Lawnton,6011.00,964.66,12.6%,15.9%,21.6%,9.0%,13.8%,0.0%,21.1%,0.0%,0.0%,5.9%,3
318021483,Magnetic Island,2335.00,951.19,0.0%,29.0%,21.5%,43.4%,4.6%,0.0%,0.0%,1.5%,0.0%,0.0%,3
307021181,Millmerran,3310.00,938.15,21.9%,19.4%,14.8%,20.8%,14.4%,8.7%,0.0%,0.0%,0.0%,0.0%,3
315021406,Mount Isa Region,3354.00,949.46,22.2%,12.9%,0.0%,0.0%,35.5%,29.4%,0.0%,0.0%,0.0%,0.0%,3
316071548,Nambour,19962.00,951.97,14.1%,20.1%,18.7%,9.1%,4.5%,24.4%,4.7%,1.8%,2.5%,0.0%,3
308031215,Parkhurst - Kawana,6902.00,955.39,20.9%,20.6%,6.3%,18.8%,14.4%,0.0%,8.1%,0.0%,0.0%,10.8%,3
308031216,Rockhampton - West,5935.00,945.66,11.3%,21.4%,25.0%,19.0%,18.1%,0.0%,4.6%,0.0%,0.0%,0.6%,3
313051380,Rothwell - Kippa-Ring,17138.00,941.36,11.4%,26.3%,27.8%,13.9%,9.0%,8.2%,2.2%,1.2%,0.0%,0.0%,3
312021352,Sarina,11616.00,957.53,7.9%,13.8%,21.0%,32.4%,13.4%,6.8%,4.7%,0.0%,0.0%,0.0%,3
307031186,Southern Downs - West,4656.00,955.74,8.4%,28.3%,6.4%,37.4%,0.0%,19.4%,0.0%,0.0%,0.0%,0.0%,3
307031188,Stanthorpe Region,5780.00,954.64,8.1%,8.1%,33.8%,17.2%,32.9%,0.0%,0.0%,0.0%,0.0%,0.0%,3
314031394,Strathpine - Brendale,12270.00,964.37,10.4%,14.7%,10.8%,31.9%,15.0%,10.8%,6.5%,0.0%,0.0%,0.0%,3
315011400,Tablelands,5985.00,940.96,17.6%,12.0%,19.5%,31.1%,12.6%,7.3%,0.0%,0.0%,0.0%,0.0%,3
317011456,Toowoomba - Central,13373.00,958.53,11.0%,17.2%,15.7%,26.4%,16.6%,8.4%,2.4%,2.3%,0.0%,0.0%,3
306031161,Tully,10661.00,943.63,9.8%,30.4%,17.2%,22.1%,15.2%,0.0%,5.4%,0.0%,0.0%,0.0%,3
319041521,Urangan - Wondunna,12612.00,937.36,12.6%,42.5%,18.4%,0.0%,0.0%,6.6%,2.1%,17.9%,0.0%,0.0%,3
318021491,Wulguru - Roseneath,6099.00,942.49,24.0%,16.6%,26.4%,8.4%,13.0%,0.0%,11.6%,0.0%,0.0%,0.0%,3
302041046,Zillmere,8967.00,941.04,19.8%,25.5%,15.2%,8.6%,12.9%,12.9%,5.1%,0.0%,0.0%,0.0%,3
312021342,Andergrove - Beaconsfield,14908.00,981.94,3.2%,7.7%,26.6%,17.1%,16.1%,5.8%,13.9%,8.9%,0.7%,0.0%,4
306031158,Babinda,4239.00,966.78,8.6%,22.6%,0.0%,35.0%,11.7%,16.1%,0.0%,6.0%,0.0%,0.0%,4
307011171,Balonne,4377.00,972.90,13.5%,12.8%,8.7%,26.5%,17.1%,0.0%,15.9%,5.5%,0.0%,0.0%,4
315031408,Barcaldine - Blackall,4771.00,978.70,13.6%,6.8%,19.9%,5.5%,28.1%,6.9%,5.7%,2.7%,10.7%,0.0%,4
319011493,Bargara - Burnett Heads,16593.00,982.90,4.8%,12.0%,21.6%,9.4%,14.8%,22.0%,8.7%,3.2%,3.6%,0.0%,4
316061439,Beerwah,8201.00,980.00,9.6%,14.8%,15.5%,0.0%,19.8%,16.1%,24.2%,0.0%,0.0%,0.0%,4
306021144,Bentley Park,8018.00,979.30,5.7%,19.3%,19.1%,4.4%,21.5%,6.9%,14.0%,4.0%,5.2%,0.0%,4
309031236,Biggera Waters,8534.00,979.85,4.0%,9.5%,5.3%,31.2%,43.9%,0.0%,0.0%,0.0%,6.1%,0.0%,4
310021277,Boonah,11885.00,986.65,3.4%,11.2%,17.2%,7.6%,28.0%,20.5%,12.2%,0.0%,0.0%,0.0%,4
308031206,Bouldercombe,1865.00,967.96,0.0%,0.0%,57.9%,19.2%,22.9%,0.0%,0.0%,0.0%,0.0%,0.0%,4
319011494,Branyan - Kensington,4708.00,984.44,7.1%,10.8%,5.0%,31.4%,5.9%,0.0%,39.7%,0.0%,0.0%,0.0%,4
318011461,Burdekin,7920.00,979.62,0.0%,18.8%,25.6%,16.3%,14.3%,7.6%,4.3%,13.2%,0.0%,0.0%,4
310041297,Camira - Gailes,9238.00,976.37,14.4%,12.4%,0.0%,13.9%,15.0%,24.9%,6.4%,13.1%,0.0%,0.0%,4
302021028,Chermside,9313.00,974.97,10.1%,0.0%,26.6%,27.7%,15.8%,5.8%,8.2%,4.6%,1.1%,0.0%,4
310031285,Churchill - Yamanto,6768.00,989.36,3.9%,16.1%,16.1%,12.2%,0.0%,18.0%,22.3%,11.4%,0.0%,0.0%,4
307031184,Clifton - Greenmount,4899.00,989.12,7.3%,18.1%,10.3%,0.0%,15.7%,18.8%,11.4%,11.3%,7.1%,0.0%,4
309021230,Coolangatta,5948.00,972.56,0.0%,9.4%,15.1%,50.5%,15.0%,10.0%,0.0%,0.0%,0.0%,0.0%,4
303041067,Coopers Plains,5487.00,967.81,7.1%,11.9%,16.3%,17.4%,34.6%,7.1%,5.7%,0.0%,0.0%,0.0%,4
318011463,Dalrymple,3759.00,967.83,5.9%,7.4%,20.6%,46.2%,11.2%,8.6%,0.0%,0.0%,0.0%,0.0%,4
302041043,Deagon,3675.00,980.82,0.0%,18.3%,11.9%,6.2%,23.3%,40.3%,0.0%,0.0%,0.0%,0.0%,4
311021308,Edens Landing - Holmview,7450.00,973.87,0.0%,11.9%,17.6%,42.5%,17.2%,6.0%,4.9%,0.0%,0.0%,0.0%,4
306021148,Gordonvale - Trinity,8664.00,985.09,10.6%,19.4%,13.0%,9.4%,5.9%,3.2%,5.6%,21.0%,7.1%,4.9%,4
318011465,Ingham Region,6453.00,984.65,5.9%,6.3%,15.8%,10.9%,35.1%,16.3%,9.8%,0.0%,0.0%,0.0%,4
306021149,Kanimbla - Mooroobool,9888.00,984.89,21.7%,0.0%,15.5%,14.9%,0.0%,0.0%,7.2%,3.0%,22.5%,15.2%,4
304041100,Keperra,7084.00,989.33,0.0%,24.3%,25.2%,5.3%,6.2%,4.0%,17.5%,5.7%,11.7%,0.0%,4
308051536,Kin Kora - Sun Valley,3613.00,984.66,0.0%,0.0%,31.1%,24.5%,29.4%,7.2%,7.8%,0.0%,0.0%,0.0%,4
319021507,Kingaroy Region - South,3924.00,984.45,4.6%,12.8%,0.0%,47.5%,11.2%,17.1%,6.9%,0.0%,0.0%,0.0%,4
306051168,Kuranda,4496.00,975.61,7.0%,10.7%,15.5%,7.8%,39.4%,6.5%,13.1%,0.0%,0.0%,0.0%,4
306051169,Malanda - Yungaburra,8478.00,991.72,7.2%,8.0%,11.0%,20.7%,16.0%,8.3%,17.7%,11.2%,0.0%,0.0%,4
316031427,Maroochydore - Kuluin,19163.00,984.45,0.0%,19.2%,13.1%,19.3%,18.8%,13.6%,11.6%,2.6%,1.9%,0.0%,4
307011175,Miles - Wandoan,4064.00,974.92,15.1%,3.6%,17.6%,14.2%,13.9%,26.8%,0.0%,5.9%,3.0%,0.0%,4
315021405,Mount Isa,18342.00,990.51,7.1%,5.9%,12.6%,13.6%,18.3%,12.0%,14.9%,6.0%,6.5%,3.2%,4
311021309,Mount Warren Park,5791.00,973.26,13.3%,5.8%,30.4%,9.9%,6.3%,15.6%,12.5%,6.1%,0.0%,0.0%,4
318021485,Mundingburra,3620.00,990.39,7.2%,0.0%,9.3%,35.2%,8.8%,27.4%,6.4%,0.0%,5.7%,0.0%,4
309061248,Nerang - Mount Nathan,20529.00,980.55,14.8%,3.6%,13.1%,12.1%,15.4%,14.4%,7.4%,6.8%,6.6%,5.8%,4
318021486,Northern Beaches,6358.00,973.74,0.0%,29.6%,2.9%,21.9%,21.1%,16.4%,2.4%,4.5%,1.3%,0.0%,4
315021407,Northern Highlands,3121.00,978.98,0.0%,17.5%,30.2%,9.7%,14.6%,0.0%,15.7%,7.4%,4.9%,0.0%,4
309071257,Pimpama,9167.00,992.61,0.0%,7.5%,0.0%,52.6%,8.8%,18.9%,6.9%,0.0%,5.3%,0.0%,4
307021182,Pittsworth,5722.00,990.90,0.0%,8.3%,19.0%,17.9%,19.4%,20.9%,9.7%,4.8%,0.0%,0.0%,4
312031361,Proserpine,8293.00,981.02,5.7%,12.7%,11.1%,24.7%,15.4%,12.6%,4.0%,7.2%,6.6%,0.0%,4
310031293,Raceview,15176.00,971.74,2.6%,27.4%,21.4%,9.7%,14.6%,6.0%,5.0%,2.0%,2.9%,8.3%,4
308031218,Rockhampton Region - East,3451.00,985.34,0.0%,6.8%,25.3%,21.0%,20.5%,18.1%,8.3%,0.0%,0.0%,0.0%,4
308031219,Rockhampton Region - North,4245.00,986.47,7.9%,0.0%,12.3%,22.4%,25.9%,24.9%,6.5%,0.0%,0.0%,0.0%,4
307011177,Roma Region,5815.00,989.26,9.4%,21.0%,6.3%,0.0%,13.4%,8.4%,27.7%,13.8%,0.0%,0.0%,4
310021282,Rosewood,11806.00,973.81,9.7%,10.2%,15.8%,16.9%,24.0%,13.1%,10.3%,0.0%,0.0%,0.0%,4
318021488,South Townsville - Railway Estate,5211.00,969.77,0.0%,6.4%,40.0%,27.3%,19.4%,6.8%,0.0%,0.0%,0.0%,0.0%,4
307031185,Southern Downs - East,4227.00,980.37,0.0%,17.0%,24.0%,19.3%,0.0%,16.9%,22.7%,0.0%,0.0%,0.0%,4
309091541,Southport - South,17208.00,972.99,3.1%,27.0%,16.8%,12.0%,10.9%,15.3%,5.1%,8.2%,1.8%,0.0%,4
305011111,Spring Hill,6063.00,979.22,9.4%,0.0%,9.0%,31.2%,25.4%,22.1%,2.9%,0.0%,0.0%,0.0%,4
303061079,Sunnybank,8856.00,972.74,0.0%,9.7%,31.3%,35.8%,10.1%,4.2%,3.5%,5.4%,0.0%,0.0%,4
309101270,Surfers Paradise,23689.00,979.22,5.3%,11.0%,18.5%,29.5%,12.7%,4.0%,7.5%,6.3%,0.0%,5.3%,4
316051438,Tewantin,10308.00,979.50,4.4%,10.3%,11.8%,25.5%,37.3%,7.6%,0.0%,0.0%,0.0%,3.1%,4
319051526,Tinana,5476.00,977.23,12.3%,8.3%,10.3%,20.0%,18.3%,9.9%,15.7%,5.2%,0.0%,0.0%,4
307021183,Wambo,17027.00,973.57,10.8%,21.1%,15.1%,8.6%,9.3%,14.8%,3.7%,7.4%,9.3%,0.0%,4
312021358,West Mackay,6160.00,976.71,0.0%,13.3%,32.0%,13.7%,6.2%,29.5%,5.3%,0.0%,0.0%,0.0%,4
313031371,Woodford - D'Aguilar,7850.00,983.88,0.0%,21.6%,0.0%,35.8%,12.5%,26.4%,3.7%,0.0%,0.0%,0.0%,4
306011143,Yorkeys Knob - Machans Beach,6152.00,973.49,5.2%,14.1%,23.8%,14.1%,27.1%,6.5%,9.2%,0.0%,0.0%,0.0%,4
312031359,Airlie - Whitsundays,12928.00,1010.99,0.0%,4.4%,21.3%,9.0%,13.6%,8.3%,22.3%,15.5%,5.6%,0.0%,5
316021417,Aroona - Currimundi,10071.00,1001.60,0.0%,0.0%,18.8%,21.1%,18.0%,26.8%,8.0%,7.3%,0.0%,0.0%,5
308041528,Banana,8553.00,996.84,0.0%,19.9%,10.9%,13.4%,11.7%,5.9%,24.3%,13.9%,0.0%,0.0%,5
308041529,Biloela,5765.00,996.03,9.1%,4.5%,14.5%,15.1%,19.8%,4.1%,0.0%,0.0%,21.7%,11.2%,5
314031391,Bray Park,10246.00,1000.28,0.0%,5.1%,9.3%,15.6%,43.9%,13.8%,12.3%,0.0%,0.0%,0.0%,5
312011338,Broadsound - Nebo,8505.00,992.72,4.5%,1.6%,22.3%,18.2%,17.1%,8.0%,12.8%,11.0%,4.5%,0.0%,5
313041372,Burpengary,14022.00,1000.45,7.1%,8.7%,18.6%,4.7%,4.8%,24.4%,4.0%,9.2%,16.2%,2.3%,5
316061440,Caloundra Hinterland,8537.00,1004.35,0.0%,7.7%,12.5%,18.4%,16.9%,10.7%,10.0%,17.5%,6.3%,0.0%,5
308011191,Central Highlands - West,8137.00,992.99,16.3%,3.0%,5.8%,4.3%,15.9%,7.6%,9.3%,13.3%,19.0%,5.6%,5
311031313,Chambers Flat - Logan Reserve,5057.00,999.10,0.0%,10.7%,4.6%,33.4%,24.4%,4.7%,15.0%,7.2%,0.0%,0.0%,5
301021007,Cleveland,14801.00,1010.75,11.1%,9.7%,7.0%,7.1%,6.6%,12.0%,20.9%,2.3%,10.1%,13.1%,5
308051533,Clinton - New Auckland,13464.00,995.14,2.9%,17.5%,5.1%,9.1%,18.0%,15.6%,21.7%,0.0%,9.9%,0.0%,5
306021146,Earlville - Bayview Heights,8265.00,994.17,21.0%,5.5%,5.5%,12.4%,0.0%,15.1%,0.0%,8.8%,21.3%,10.5%,5
308031208,Frenchville - Mount Archer,9076.00,1008.29,5.1%,0.0%,10.2%,21.6%,27.2%,11.0%,4.1%,0.0%,8.0%,12.8%,5
308051535,Gladstone Hinterland,11747.00,993.90,0.0%,8.5%,14.4%,30.7%,5.0%,19.2%,6.4%,8.0%,7.7%,0.0%,5
307011173,Goondiwindi,6355.00,998.96,3.9%,15.8%,5.0%,24.6%,9.6%,5.4%,17.1%,0.0%,7.3%,11.2%,5
309061247,Highland Park,8368.00,1010.20,0.0%,0.0%,10.5%,21.7%,26.6%,7.3%,14.9%,12.4%,6.5%,0.0%,5
311031316,Hillcrest,8152.00,998.64,0.0%,16.2%,17.0%,27.0%,5.9%,2.8%,4.0%,0.0%,13.7%,13.4%,5
309071254,Jacobs Well - Alberton,3642.00,1011.28,0.0%,0.0%,0.0%,28.7%,38.8%,23.3%,0.0%,0.0%,0.0%,9.2%,5
317011451,Lockyer Valley - West,11362.00,1001.20,4.3%,2.2%,12.3%,22.2%,19.8%,13.2%,8.1%,8.6%,6.8%,2.4%,5
315031412,Longreach,3660.00,998.85,0.0%,0.0%,14.1%,36.5%,19.3%,18.1%,12.1%,0.0%,0.0%,0.0%,5
303031061,Macgregor (Qld),5849.00,998.50,0.0%,0.0%,17.2%,13.5%,48.5%,11.4%,9.5%,0.0%,0.0%,0.0%,5
309081260,Merrimac,7071.00,1004.12,0.0%,9.2%,7.2%,20.3%,17.5%,25.8%,9.4%,0.0%,10.7%,0.0%,5
316021422,Moffat Beach - Battery Hill,7838.00,1002.48,0.0%,0.0%,36.4%,5.0%,5.7%,21.0%,16.1%,8.1%,7.5%,0.0%,5
309091264,Molendinar,6375.00,1005.29,7.4%,0.0%,10.1%,9.2%,15.0%,13.8%,38.3%,6.2%,0.0%,0.0%,5
316081549,Noosa Hinterland,21852.00,1011.79,4.7%,2.0%,7.2%,21.2%,11.3%,16.5%,12.7%,11.1%,12.0%,1.4%,5
308031213,Norman Gardens,10130.00,1005.48,4.8%,10.9%,25.5%,4.7%,4.3%,4.9%,5.5%,2.8%,29.7%,6.9%,5
309021234,Palm Beach,14654.00,1006.26,0.0%,4.8%,20.4%,18.7%,8.3%,16.3%,13.3%,6.3%,11.9%,0.0%,5
312021351,Pioneer Valley,8209.00,996.64,0.0%,10.9%,11.7%,15.9%,29.7%,0.0%,15.7%,16.1%,0.0%,0.0%,5
311031319,Regents Park - Heritage Park,15934.00,1004.18,0.0%,3.6%,9.6%,26.2%,17.2%,26.8%,7.9%,8.7%,0.0%,0.0%,5
303041069,Robertson,5101.00,1007.04,0.0%,0.0%,18.2%,6.7%,26.6%,36.9%,0.0%,7.0%,4.4%,0.0%,5
308031220,Rockhampton Region - West,2916.00,1011.93,0.0%,7.8%,11.5%,7.9%,0.0%,37.3%,35.5%,0.0%,0.0%,0.0%,5
307011176,Roma,6848.00,1000.98,0.0%,13.8%,0.0%,36.5%,10.3%,0.0%,25.0%,8.2%,3.8%,2.3%,5
303061078,Runcorn,14479.00,1004.57,0.0%,4.8%,8.8%,16.1%,42.0%,6.6%,19.0%,0.0%,2.7%,0.0%,5
312021353,Seaforth - Calen,8123.00,994.54,0.0%,10.8%,23.5%,20.1%,3.1%,7.7%,15.0%,14.2%,5.6%,0.0%,5
312021354,Shoal Point - Bucasia,5747.00,1003.49,0.0%,0.0%,24.5%,6.5%,25.2%,6.6%,37.2%,0.0%,0.0%,0.0%,5
316011416,Sippy Downs,10298.00,998.27,0.0%,16.8%,5.5%,10.2%,19.5%,13.5%,21.4%,13.1%,0.0%,0.0%,5
302021032,Stafford,6508.00,1009.39,4.0%,9.9%,7.8%,16.9%,7.5%,5.3%,6.0%,10.7%,31.9%,0.0%,5
303061080,Sunnybank Hills,18085.00,1003.70,5.3%,0.0%,6.2%,19.4%,17.8%,26.9%,16.4%,0.0%,8.0%,0.0%,5
302041045,Taigum - Fitzgibbon,12153.00,1010.25,2.4%,7.4%,6.2%,18.3%,16.9%,14.0%,10.0%,15.3%,1.5%,8.1%,5
308051538,Telina - Toolooa,6142.00,1002.24,9.0%,6.4%,0.0%,9.9%,24.6%,7.3%,8.9%,20.6%,13.2%,0.0%,5
308031222,The Range - Allenstown,8190.00,995.18,11.7%,13.6%,7.6%,11.3%,2.8%,4.8%,19.3%,5.5%,19.5%,3.8%,5
301011005,Thorneside,3761.00,998.16,0.0%,19.1%,9.4%,20.7%,7.0%,12.1%,0.0%,9.9%,10.7%,11.1%,5
318021489,Townsville - South,4296.00,1011.40,0.0%,0.0%,7.7%,43.6%,11.4%,0.0%,8.9%,14.6%,13.8%,0.0%,5
303031065,Upper Mount Gravatt,9396.00,1006.39,0.0%,4.0%,19.6%,18.0%,9.5%,20.6%,9.4%,9.0%,9.8%,0.0%,5
309081262,Varsity Lakes,15183.00,1010.90,4.2%,4.6%,2.8%,10.9%,16.4%,25.3%,18.2%,12.1%,5.5%,0.0%,5
301031021,Wynnum West - Hemmant,14790.00,997.29,4.1%,2.4%,4.2%,16.6%,20.4%,25.8%,17.0%,7.6%,0.0%,1.9%,5
308031223,Yeppoon,18107.00,993.50,11.7%,4.7%,3.3%,19.0%,14.9%,4.3%,24.1%,17.9%,0.0%,0.0%,5
301011001,Alexandra Hills,16345.00,1014.78,0.0%,2.3%,13.5%,12.8%,18.3%,20.7%,16.5%,7.8%,3.7%,4.5%,6
303051072,Algester,8433.00,1017.23,0.0%,3.8%,9.2%,5.5%,18.4%,29.9%,15.7%,17.4%,0.0%,0.0%,6
309031235,Arundel,10246.00,1022.87,0.0%,3.1%,4.8%,21.9%,14.4%,15.3%,15.0%,0.0%,20.8%,4.7%,6
309091263,Ashmore,11910.00,1018.22,0.0%,9.7%,13.5%,2.1%,10.7%,12.2%,16.9%,26.9%,4.0%,3.9%,6
318021469,Belgian Gardens - Pallarenda,3280.00,1015.82,0.0%,0.0%,28.0%,14.4%,11.6%,0.0%,24.9%,0.0%,12.9%,8.4%,6
302031035,Boondall,9217.00,1023.91,0.0%,0.0%,5.9%,6.9%,22.5%,22.3%,22.2%,15.8%,4.4%,0.0%,6
308051531,Boyne Island - Tannum Sands,9901.00,1014.48,0.0%,3.4%,2.9%,26.9%,18.7%,18.7%,2.6%,23.0%,3.8%,0.0%,6
305011105,Brisbane City,10192.00,1025.30,5.9%,1.8%,12.1%,0.0%,6.3%,28.1%,9.5%,9.5%,21.1%,5.7%,6
316021418,Buddina - Minyama,6433.00,1024.18,0.0%,11.2%,4.0%,6.1%,6.0%,25.3%,18.5%,18.0%,4.0%,7.0%,6
316021420,Caloundra - West,20277.00,1014.05,1.4%,6.4%,5.3%,6.2%,19.5%,28.4%,21.9%,1.5%,8.2%,1.2%,6
301011004,Capalaba,17588.00,1013.12,3.3%,11.6%,9.8%,1.5%,14.2%,19.9%,7.0%,19.6%,7.7%,5.5%,6
303011050,Carina Heights,6544.00,1023.41,5.5%,14.7%,0.0%,5.9%,7.4%,8.9%,21.0%,5.1%,15.9%,15.6%,6
312011339,Clermont,3700.00,1016.67,8.7%,0.0%,0.0%,20.5%,9.4%,26.4%,9.9%,0.0%,25.2%,0.0%,6
309071251,Coomera,13305.00,1019.36,0.0%,8.6%,13.6%,17.5%,12.6%,6.5%,12.6%,0.0%,12.7%,15.9%,6
319041517,Craignish - Dundowran Beach,4813.00,1014.74,0.0%,0.0%,8.7%,8.8%,34.3%,28.2%,13.7%,6.2%,0.0%,0.0%,6
309021231,Currumbin - Tugun,11316.00,1013.62,0.0%,0.0%,7.6%,22.7%,14.5%,33.2%,7.8%,9.2%,2.8%,2.3%,6
309021232,Currumbin Waters,9121.00,1013.29,6.9%,4.1%,7.5%,7.7%,4.1%,26.1%,12.0%,22.4%,5.7%,3.4%,6
318021473,Deeragun,22401.00,1019.54,1.6%,7.9%,6.1%,6.2%,10.3%,21.2%,16.0%,9.9%,15.9%,5.0%,6
312021344,Eimeo - Rural View,12326.00,1023.74,0.0%,0.0%,16.3%,7.3%,6.9%,18.1%,23.2%,17.1%,7.7%,3.5%,6
308011192,Emerald,13532.00,1023.90,0.0%,4.9%,12.5%,7.4%,14.2%,12.7%,8.3%,23.1%,10.4%,6.5%,6
316071547,Eumundi - Yandina,10548.00,1019.74,0.0%,11.5%,4.6%,4.1%,5.7%,29.8%,27.2%,4.1%,13.0%,0.0%,6
310011273,Forest Lake - Doolandella,27709.00,1019.74,0.0%,1.2%,5.0%,18.1%,15.5%,21.9%,26.5%,6.6%,3.4%,1.8%,6
316061441,Glass House Mountains,5838.00,1013.61,0.0%,0.0%,5.6%,18.3%,20.4%,37.9%,11.6%,6.3%,0.0%,0.0%,6
316021421,Golden Beach - Pelican Waters,11854.00,1021.65,0.0%,3.1%,18.8%,12.5%,11.4%,8.8%,5.6%,16.7%,7.5%,15.6%,6
305011107,Highgate Hill,6329.00,1025.29,6.0%,0.0%,6.8%,7.3%,16.9%,12.5%,17.7%,7.6%,12.2%,12.9%,6
311041321,Jimboomba,25744.00,1022.59,0.0%,1.3%,1.9%,0.9%,38.1%,20.1%,22.2%,8.1%,7.4%,0.0%,6
305031126,Kelvin Grove - Herston,10081.00,1013.27,3.9%,10.9%,8.4%,9.0%,0.0%,21.1%,20.7%,7.1%,10.0%,8.8%,6
318021482,Kirwan - West,15554.00,1024.47,0.0%,0.0%,7.3%,9.6%,24.3%,23.5%,13.9%,12.5%,6.2%,2.6%,6
316061442,Landsborough,10142.00,1014.27,2.6%,0.0%,14.5%,11.9%,22.0%,18.8%,9.5%,12.4%,6.1%,2.3%,6
311051325,Loganholme - Tanah Merah,11130.00,1023.68,0.0%,0.0%,6.0%,8.4%,21.2%,23.0%,19.0%,20.6%,1.8%,0.0%,6
316031426,Marcoola - Mudjimba,10868.00,1016.69,0.0%,4.4%,15.1%,16.7%,9.2%,14.0%,4.2%,14.6%,12.3%,9.5%,6
316061443,Maroochy Hinterland,6252.00,1014.18,0.0%,3.6%,0.0%,21.5%,26.2%,26.0%,5.4%,9.2%,8.1%,0.0%,6
309011228,Mermaid Waters,12170.00,1024.16,0.0%,10.5%,11.5%,3.7%,8.0%,4.0%,19.9%,26.4%,12.7%,3.3%,6
316031428,Mooloolaba - Alexandra Headland,11694.00,1018.13,2.3%,2.6%,0.0%,17.2%,20.7%,23.1%,15.8%,8.9%,9.4%,0.0%,6
306021153,Mount Sheridan,8271.00,1024.80,0.0%,13.5%,0.0%,12.3%,5.4%,17.4%,19.9%,14.9%,16.5%,0.0%,6
316051435,Noosaville,8735.00,1025.06,0.0%,0.0%,15.3%,22.8%,0.0%,25.0%,10.9%,3.7%,12.4%,9.9%,6
306041165,Port Douglas,5260.00,1016.93,0.0%,0.0%,0.0%,41.0%,11.9%,13.3%,13.1%,20.7%,0.0%,0.0%,6
313051542,Scarborough - Newport - Moreton Island,12226.00,1020.40,0.0%,8.8%,7.9%,18.3%,9.5%,13.6%,6.7%,16.9%,2.4%,15.9%,6
301021013,Victoria Point,15020.00,1023.20,0.0%,2.8%,1.9%,18.4%,22.0%,11.4%,9.5%,19.9%,14.1%,0.0%,6
306021156,Whitfield - Edge Hill,8192.00,1018.23,8.4%,4.1%,14.9%,4.5%,10.4%,12.6%,0.0%,10.0%,16.4%,18.8%,6
303021058,Woolloongabba,5529.00,1019.86,7.9%,0.0%,14.8%,0.0%,7.9%,9.9%,28.6%,30.9%,0.0%,0.0%,6
301031020,Wynnum,13233.00,1015.93,0.0%,9.0%,15.4%,4.3%,13.9%,14.8%,8.6%,17.2%,12.4%,4.2%,6
303021052,Annerley,11385.00,1036.73,0.0%,0.0%,3.3%,10.6%,19.7%,19.6%,12.1%,15.1%,10.2%,9.4%,7
302011022,Bald Hills,7275.00,1038.56,0.0%,0.0%,0.0%,0.0%,19.4%,34.4%,31.5%,0.0%,8.4%,6.4%,7
316071545,Bli Bli,8351.00,1026.84,0.0%,7.1%,4.2%,14.2%,10.3%,11.5%,15.0%,18.8%,16.1%,2.9%,7
302041041,Bracken Ridge,16936.00,1035.01,2.2%,0.0%,6.0%,5.7%,8.3%,18.5%,18.5%,21.8%,18.9%,0.0%,7
302041042,Brighton (Qld),9479.00,1033.48,2.2%,0.0%,0.0%,3.7%,17.2%,14.2%,25.9%,29.6%,7.1%,0.0%,7
309011225,Burleigh Heads,8770.00,1028.32,0.0%,4.1%,2.3%,13.5%,25.5%,8.0%,6.2%,18.3%,22.2%,0.0%,7
309011226,Burleigh Waters,14156.00,1036.48,0.0%,3.3%,7.0%,6.7%,11.6%,10.1%,9.2%,24.7%,27.3%,0.0%,7
309061246,Carrara,12189.00,1026.43,4.9%,0.0%,11.3%,4.1%,9.6%,6.4%,17.7%,38.0%,8.0%,0.0%,7
306011139,Clifton Beach - Kewarra Beach,10830.00,1038.50,0.0%,5.5%,0.0%,8.0%,12.0%,9.4%,28.6%,24.9%,0.0%,11.6%,7
316031425,Coolum Beach,14589.00,1025.88,0.0%,5.0%,3.2%,8.6%,18.3%,23.2%,13.7%,14.1%,12.9%,1.1%,7
309021233,Elanora,12145.00,1030.69,0.0%,5.4%,3.6%,12.5%,7.1%,9.1%,29.4%,10.4%,16.9%,5.6%,7
313021367,Elimbah,3963.00,1031.39,0.0%,0.0%,0.0%,0.0%,33.2%,27.7%,20.2%,18.9%,0.0%,0.0%,7
303021054,Fairfield - Dutton Park,4790.00,1035.90,9.2%,0.0%,0.0%,0.0%,11.9%,13.1%,18.9%,24.8%,8.1%,14.0%,7
305011106,Fortitude Valley,7146.00,1037.54,0.0%,6.3%,7.4%,8.2%,0.0%,19.7%,7.4%,34.0%,0.0%,17.0%,7
309041241,Guanaba - Springbrook,4238.00,1031.35,0.0%,0.0%,6.5%,7.6%,8.4%,28.2%,25.7%,0.0%,23.5%,0.0%,7
303021056,Holland Park,8305.00,1037.32,11.5%,11.3%,2.7%,6.2%,0.0%,3.4%,0.0%,0.0%,27.5%,37.5%,7
303061077,Kuraby,8378.00,1034.47,0.0%,5.8%,6.6%,3.6%,12.5%,17.6%,6.6%,8.7%,38.7%,0.0%,7
311041322,Logan Village,6994.00,1037.44,0.0%,0.0%,0.0%,8.2%,9.0%,26.3%,35.5%,15.5%,5.5%,0.0%,7
309011227,Mermaid Beach - Broadbeach,11921.00,1030.06,0.0%,0.0%,0.0%,13.1%,13.4%,32.5%,12.9%,20.3%,7.9%,0.0%,7
309011229,Miami,6843.00,1029.76,0.0%,0.0%,10.8%,11.5%,0.0%,33.7%,11.6%,14.5%,17.9%,0.0%,7
303041068,Moorooka,10422.00,1032.05,0.0%,0.0%,17.5%,12.3%,9.2%,4.8%,10.5%,10.1%,28.9%,6.8%,7
303031063,Mount Gravatt,14944.00,1031.34,9.1%,5.8%,3.1%,2.2%,0.0%,9.7%,12.4%,20.3%,26.4%,10.8%,7
318021484,Mount Louisa,9260.00,1036.19,0.0%,0.0%,13.5%,7.3%,12.6%,23.9%,4.5%,3.1%,26.2%,8.9%,7
316011415,Mountain Creek,11254.00,1038.59,0.0%,6.0%,0.0%,4.0%,12.6%,21.5%,11.2%,32.8%,11.8%,0.0%,7
311031318,Munruben - Park Ridge South,4617.00,1038.13,0.0%,0.0%,9.5%,5.9%,26.6%,8.0%,5.1%,22.3%,8.8%,13.8%,7
302031040,Nundah,12230.00,1038.18,0.0%,0.0%,3.4%,5.2%,15.8%,26.6%,11.4%,25.3%,3.8%,8.6%,7
312021350,Ooralea - Bakers Creek,5036.00,1026.30,0.0%,4.9%,7.5%,21.4%,0.0%,4.6%,43.5%,0.0%,18.2%,0.0%,7
309071256,Oxenford - Maudsland,15795.00,1034.25,0.0%,4.4%,10.7%,4.7%,9.8%,5.2%,19.8%,30.3%,10.3%,4.9%,7
309061249,Pacific Pines - Gaven,18320.00,1033.33,1.9%,0.0%,3.3%,2.6%,11.4%,24.8%,29.3%,19.9%,6.8%,0.0%,7
316061444,Palmwoods,10613.00,1038.24,0.0%,3.2%,0.0%,2.8%,19.8%,9.9%,28.5%,23.8%,9.1%,3.0%,7
309091265,Parkwood,8702.00,1030.05,0.0%,0.0%,8.9%,5.2%,17.7%,27.1%,7.8%,15.2%,18.2%,0.0%,7
316021423,Parrearra - Warana,9502.00,1027.99,0.0%,6.8%,0.0%,13.2%,17.2%,19.3%,7.3%,25.3%,7.9%,3.0%,7
314031393,Petrie,8690.00,1025.84,0.0%,6.6%,16.7%,3.5%,5.0%,22.3%,11.8%,13.8%,4.9%,15.4%,7
309031240,Runaway Bay,9068.00,1032.68,0.0%,3.6%,4.2%,12.7%,10.3%,21.9%,13.0%,15.2%,16.0%,3.2%,7
303041070,Salisbury - Nathan,7183.00,1037.49,0.0%,0.0%,6.1%,0.0%,5.4%,32.5%,32.0%,20.0%,4.0%,0.0%,7
302041044,Sandgate - Shorncliffe,6783.00,1030.83,0.0%,5.5%,9.2%,6.1%,6.6%,13.7%,16.6%,22.7%,10.1%,9.6%,7
305011110,South Brisbane,7235.00,1038.39,0.0%,0.0%,0.0%,0.0%,43.6%,0.0%,24.7%,19.5%,7.1%,5.1%,7
310041303,Springfield,6772.00,1026.84,0.0%,0.0%,7.8%,9.3%,7.3%,26.9%,25.4%,23.3%,0.0%,0.0%,7
311061334,Springwood,9279.00,1038.13,0.0%,0.0%,6.9%,5.9%,10.5%,3.2%,39.5%,26.3%,5.1%,2.6%,7
304031096,St Lucia,12574.00,1036.35,0.0%,0.0%,16.1%,4.9%,0.0%,27.5%,17.5%,12.2%,4.5%,17.3%,7
302021033,Stafford Heights,6856.00,1031.87,0.0%,5.4%,8.1%,14.4%,13.3%,0.0%,8.2%,15.3%,25.6%,9.6%,7
309041242,Tamborine - Canungra,14273.00,1037.98,0.0%,0.0%,0.0%,2.3%,22.4%,21.6%,23.6%,18.9%,6.1%,5.1%,7
306011142,Trinity Beach - Smithfield,13936.00,1037.28,0.0%,2.4%,2.4%,12.0%,9.6%,15.8%,20.2%,16.4%,18.0%,3.2%,7
311061335,Underwood,6341.00,1035.21,0.0%,7.6%,2.8%,7.1%,7.7%,8.3%,5.6%,54.7%,0.0%,6.1%,7
309071258,Upper Coomera - Willow Vale,31214.00,1026.69,0.0%,3.8%,8.2%,11.3%,18.8%,16.1%,3.2%,14.7%,18.6%,5.2%,7
312021357,Walkerston - Eton,8323.00,1026.29,0.0%,3.5%,3.7%,3.2%,19.7%,24.0%,25.3%,17.8%,2.7%,0.0%,7
316021424,Wurtulla - Birtinya,7838.00,1028.05,0.0%,0.0%,0.0%,14.1%,20.5%,16.1%,37.8%,5.8%,0.0%,5.7%,7
310041296,Bellbird Park - Brookwater,13763.00,1043.31,3.2%,6.3%,3.2%,10.7%,7.1%,9.6%,0.0%,9.0%,17.1%,33.9%,8
301011003,Birkdale,14923.00,1049.46,0.0%,2.8%,2.1%,4.9%,0.0%,23.9%,11.7%,25.8%,19.7%,9.1%,8
316011413,Buderim - North,16615.00,1042.23,3.5%,0.0%,11.6%,3.0%,15.0%,4.4%,5.5%,17.6%,15.1%,24.4%,8
303051073,Calamvale - Stretton,21249.00,1049.35,0.0%,0.0%,0.0%,0.0%,6.1%,21.9%,24.3%,33.6%,14.2%,0.0%,8
311061329,Daisy Hill,6638.00,1045.24,6.1%,3.9%,0.0%,10.1%,0.0%,10.5%,9.0%,18.4%,27.1%,14.9%,8
316071546,Diddillibah - Rosemount,3764.00,1038.97,0.0%,10.6%,0.0%,12.2%,0.0%,0.0%,7.2%,44.7%,15.9%,9.5%,8
303031060,Eight Mile Plains,15159.00,1041.00,2.2%,2.7%,0.0%,0.0%,13.8%,16.1%,22.0%,9.7%,30.0%,3.6%,8
304041098,Enoggera,8158.00,1045.11,0.0%,0.0%,10.5%,0.0%,21.7%,6.2%,17.9%,21.3%,8.1%,14.2%,8
306011140,Freshwater - Stratford,3566.00,1045.56,0.0%,0.0%,8.8%,0.0%,0.0%,31.4%,11.2%,20.5%,28.2%,0.0%,8
302021030,Geebung,4324.00,1051.56,0.0%,0.0%,0.0%,8.7%,0.0%,8.3%,34.8%,21.5%,26.8%,0.0%,8
317011449,Gowrie (Qld),6411.00,1040.01,0.0%,0.0%,6.6%,16.0%,0.0%,3.0%,27.8%,27.7%,18.9%,0.0%,8
311041320,Greenbank,12852.00,1042.96,0.0%,0.0%,9.9%,8.5%,5.8%,15.0%,9.0%,11.5%,26.9%,13.4%,8
309071252,Helensvale,16862.00,1042.56,0.0%,2.7%,10.5%,6.6%,2.7%,13.3%,18.5%,10.8%,23.5%,11.4%,8
310031288,Ipswich - North,4644.00,1048.69,0.0%,0.0%,0.0%,9.5%,0.0%,16.9%,41.8%,5.7%,20.8%,5.3%,8
312021347,Mackay Harbour,518.00,1051.87,0.0%,0.0%,0.0%,0.0%,0.0%,0.0%,100.0%,0.0%,0.0%,0.0%,8
301031015,Manly - Lota,7426.00,1045.85,0.0%,2.8%,0.0%,10.2%,10.6%,4.7%,40.5%,0.0%,15.9%,15.2%,8
301031016,Manly West,11425.00,1041.58,0.0%,0.0%,8.0%,0.0%,21.3%,11.5%,27.5%,8.0%,4.3%,19.5%,8
303031062,Mansfield (Qld),8722.00,1040.53,0.0%,4.6%,0.0%,9.1%,5.7%,11.0%,18.5%,40.6%,8.3%,2.2%,8
312011341,Moranbah,8735.00,1040.52,0.0%,0.0%,0.0%,17.7%,26.1%,2.9%,13.8%,2.7%,36.8%,0.0%,8
312021348,Mount Pleasant - Glenella,10709.00,1050.24,0.0%,0.0%,3.5%,2.8%,17.3%,11.3%,22.9%,15.1%,11.9%,15.2%,8
309051244,Mudgeeraba - Bonogin,18263.00,1050.54,0.0%,0.0%,7.0%,9.2%,5.2%,8.2%,13.4%,25.5%,20.2%,11.3%,8
314021389,Murrumba Downs - Griffin,17520.00,1040.40,0.0%,0.0%,10.8%,0.0%,6.2%,12.9%,41.5%,7.2%,13.3%,7.9%,8
313041375,Narangba,18573.00,1049.86,0.0%,0.0%,3.1%,12.0%,2.9%,14.0%,14.9%,22.9%,21.2%,9.1%,8
314021390,North Lakes - Mango Hill,30105.00,1050.64,0.0%,0.0%,7.0%,5.6%,2.1%,6.3%,24.5%,27.9%,20.7%,5.9%,8
302031038,Northgate - Virginia,6586.00,1045.27,0.0%,0.0%,9.9%,5.8%,14.2%,0.0%,3.4%,30.7%,36.0%,0.0%,8
302031039,Nudgee - Banyo,9620.00,1042.54,0.0%,0.0%,0.0%,9.5%,22.7%,9.8%,25.4%,10.2%,11.2%,11.2%,8
309071255,Ormeau - Yatala,19674.00,1044.36,3.8%,0.0%,0.0%,5.1%,17.5%,4.8%,13.1%,30.8%,15.5%,9.4%,8
310011275,Oxley (Qld),7815.00,1052.16,0.0%,0.0%,0.0%,4.9%,20.1%,7.3%,11.4%,15.6%,40.6%,0.0%,8
303051074,Pallara - Willawong,4702.00,1049.68,0.0%,4.1%,0.0%,6.8%,3.8%,5.6%,20.8%,34.8%,24.0%,0.0%,8
316051543,Peregian Beach - Marcus Beach,3761.00,1046.69,0.0%,0.0%,0.0%,0.0%,12.0%,23.3%,24.9%,20.0%,19.8%,0.0%,8
317011455,Rangeville,8312.00,1046.36,0.0%,0.0%,0.0%,0.0%,35.1%,11.4%,6.1%,20.5%,12.6%,14.3%,8
301021009,Redland Bay,15586.00,1044.07,0.0%,1.2%,8.5%,3.4%,9.9%,13.3%,17.6%,9.6%,27.8%,8.7%,8
309081261,Robina,23106.00,1045.32,0.0%,0.0%,1.5%,7.9%,7.6%,18.0%,20.7%,20.0%,18.2%,6.1%,8
311061332,Rochedale South - Priestdale,15452.00,1048.09,0.0%,0.0%,3.2%,4.1%,16.6%,4.5%,19.8%,25.7%,20.7%,5.3%,8
316051437,Sunshine Beach,6534.00,1043.94,0.0%,0.0%,8.4%,0.0%,19.3%,5.9%,30.2%,10.0%,9.5%,16.7%,8
301031018,Tingalpa,8708.00,1041.36,0.0%,0.0%,5.5%,4.8%,18.6%,4.3%,33.2%,17.1%,11.8%,4.8%,8
317011457,Toowoomba - East,9757.00,1045.31,2.2%,0.0%,11.7%,1.7%,13.3%,13.5%,2.2%,19.6%,12.5%,23.4%,8
317011458,Toowoomba - West,13005.00,1039.15,0.0%,0.0%,9.6%,9.4%,10.1%,10.2%,7.1%,19.4%,32.1%,2.0%,8
318021490,Townsville City - North Ward,9059.00,1039.39,0.0%,7.4%,10.0%,12.9%,6.7%,5.2%,0.0%,16.9%,24.2%,16.7%,8
313041376,Upper Caboolture,3022.00,1048.78,0.0%,0.0%,0.0%,0.0%,0.0%,11.7%,54.1%,34.2%,0.0%,0.0%,8
313021369,Wamuran,3932.00,1041.56,0.0%,0.0%,0.0%,11.6%,6.0%,28.7%,5.0%,29.7%,19.0%,0.0%,8
305011112,West End,9620.00,1044.25,0.0%,4.2%,5.8%,13.2%,11.2%,9.4%,9.1%,9.6%,13.2%,24.5%,8
311021310,Wolffdene - Bahrs Scrub,6105.00,1044.83,0.0%,0.0%,0.0%,0.0%,23.0%,14.5%,17.1%,30.2%,5.2%,10.0%,8
302021027,Aspley,12318.00,1052.21,2.9%,0.0%,2.1%,2.4%,5.3%,3.7%,26.9%,15.0%,20.6%,21.2%,9
309101267,Benowa,8741.00,1054.26,4.6%,0.0%,4.1%,5.5%,0.0%,5.3%,11.3%,18.9%,28.7%,21.6%,9
318021470,Bohle Plains,7233.00,1071.33,0.0%,0.0%,0.0%,0.0%,0.0%,4.5%,16.0%,34.8%,27.1%,17.7%,9
306011138,Brinsmead,5362.00,1073.53,0.0%,0.0%,0.0%,0.0%,5.6%,0.0%,28.8%,14.6%,34.0%,17.0%,9
309011224,Broadbeach Waters,7779.00,1061.43,0.0%,0.0%,0.0%,6.7%,0.0%,9.1%,8.3%,44.2%,28.7%,3.0%,9
316011414,Buderim - South,16323.00,1059.36,1.7%,0.0%,0.0%,11.0%,4.9%,9.3%,10.6%,12.0%,28.5%,22.0%,9
309101268,Bundall,4523.00,1064.95,0.0%,4.2%,0.0%,0.0%,0.0%,19.5%,18.1%,0.0%,27.0%,31.2%,9
313021364,Burpengary - East,3970.00,1056.62,0.0%,0.0%,0.0%,0.0%,12.0%,0.0%,14.0%,64.8%,9.3%,0.0%,9
317011445,Cambooya - Wyreema,6957.00,1059.05,0.0%,0.0%,5.7%,15.7%,5.3%,0.0%,24.2%,6.4%,0.0%,42.7%,9
303011048,Cannon Hill,5720.00,1065.36,3.1%,0.0%,0.0%,0.0%,5.7%,0.0%,6.6%,37.0%,34.7%,12.9%,9
303011049,Carina,11025.00,1058.48,0.0%,0.0%,0.0%,4.0%,5.7%,19.4%,10.1%,19.9%,27.7%,13.2%,9
302011024,Carseldine,9037.00,1057.21,4.4%,0.0%,0.0%,0.0%,0.0%,14.8%,16.0%,10.9%,36.6%,17.3%,9
302021029,Chermside West,6252.00,1065.34,0.0%,0.0%,0.0%,0.0%,0.0%,8.1%,37.8%,28.5%,11.6%,14.0%,9
305031122,Clayfield,10473.00,1071.27,0.0%,0.0%,0.0%,0.0%,5.9%,5.1%,10.1%,44.9%,20.9%,13.1%,9
309081259,Clear Island Waters,4120.00,1066.84,0.0%,0.0%,0.0%,0.0%,0.0%,19.9%,21.0%,20.4%,13.1%,25.5%,9
304031093,Corinda,4863.00,1064.00,0.0%,0.0%,0.0%,22.5%,0.0%,14.9%,0.0%,11.5%,7.7%,43.5%,9
311051324,Cornubia - Carbrook,8455.00,1071.80,2.3%,0.0%,0.0%,0.0%,2.5%,12.0%,15.4%,10.9%,21.8%,35.1%,9
309051243,Currumbin Valley - Tallebudgera,7147.00,1061.57,0.0%,0.0%,0.0%,0.0%,0.0%,11.1%,19.1%,41.8%,27.9%,0.0%,9
318021474,Douglas,7747.00,1071.00,0.0%,0.0%,3.1%,0.0%,7.9%,8.0%,0.0%,25.4%,12.4%,43.2%,9
302031037,Eagle Farm - Pinkenba,822.00,1056.42,0.0%,0.0%,0.0%,31.9%,0.0%,0.0%,0.0%,0.0%,11.9%,56.2%,9
305021115,East Brisbane,5786.00,1060.45,0.0%,0.0%,0.0%,8.8%,5.6%,13.3%,8.5%,17.9%,24.4%,21.3%,9
302011025,Everton Park,8798.00,1057.27,0.0%,0.0%,0.0%,10.3%,13.1%,6.8%,6.7%,18.7%,26.1%,18.4%,9
308031209,Glenlee - Rockyview,4984.00,1071.50,0.0%,0.0%,0.0%,8.9%,0.0%,7.2%,7.4%,12.5%,28.5%,35.4%,9
303021055,Greenslopes,9121.00,1054.27,0.0%,0.0%,0.0%,0.0%,25.6%,10.8%,10.6%,23.6%,17.4%,12.1%,9
303021057,Holland Park West,6338.00,1074.84,0.0%,0.0%,0.0%,0.0%,11.1%,8.2%,4.9%,11.6%,30.8%,33.4%,9
309071253,Hope Island,11232.00,1076.13,0.0%,0.0%,0.0%,0.0%,3.3%,6.1%,30.4%,9.7%,18.6%,32.0%,9
304031094,Indooroopilly,12134.00,1068.20,0.0%,0.0%,0.0%,6.8%,7.2%,19.0%,6.2%,8.3%,19.4%,33.1%,9
305011108,Kangaroo Point,8214.00,1058.96,0.0%,5.5%,0.0%,5.6%,5.7%,4.6%,14.4%,20.8%,22.7%,20.8%,9
302021031,Kedron - Gordon Park,13712.00,1066.01,0.0%,0.0%,0.0%,0.0%,7.4%,12.9%,17.1%,24.3%,18.6%,19.8%,9
309101269,Main Beach,3883.00,1061.33,0.0%,0.0%,0.0%,0.0%,0.0%,15.1%,20.7%,39.0%,25.2%,0.0%,9
304011082,Middle Park - Jamboree Heights,7062.00,1070.64,0.0%,0.0%,0.0%,0.0%,3.8%,15.1%,4.3%,40.2%,16.0%,20.7%,9
304041101,Mitchelton,8362.00,1059.46,3.2%,0.0%,0.0%,8.3%,5.7%,9.4%,6.8%,20.3%,24.8%,21.4%,9
313041374,Morayfield,4825.00,1052.91,0.0%,0.0%,0.0%,5.8%,9.1%,5.7%,11.8%,45.3%,22.2%,0.0%,9
305021117,Morningside - Seven Hills,12612.00,1069.69,0.0%,0.0%,0.0%,0.0%,8.0%,4.0%,19.2%,23.1%,27.9%,17.8%,9
301031017,Murarrie,4118.00,1055.24,0.0%,0.0%,11.1%,5.8%,23.3%,0.0%,8.7%,8.4%,0.0%,42.7%,9
305011109,New Farm,12791.00,1068.62,0.0%,2.3%,3.0%,0.0%,12.7%,0.0%,13.0%,11.9%,37.7%,19.5%,9
305031127,Newmarket,4979.00,1061.75,0.0%,0.0%,6.1%,0.0%,20.3%,0.0%,0.0%,27.6%,25.2%,20.7%,9
316051434,Noosa Heads,4484.00,1056.88,0.0%,0.0%,0.0%,6.3%,0.0%,11.4%,40.9%,14.7%,8.1%,18.7%,9
318021487,Oonoonba,6556.00,1056.79,0.0%,8.4%,3.8%,10.8%,0.0%,6.0%,9.3%,11.4%,18.6%,31.7%,9
301021008,Ormiston,5793.00,1063.81,0.0%,0.0%,0.0%,22.1%,0.0%,0.0%,0.0%,25.2%,28.2%,24.5%,9
309031239,Paradise Point - Hollywell,9399.00,1053.61,0.0%,0.0%,5.1%,8.7%,3.8%,10.8%,16.7%,24.2%,7.7%,23.0%,9
303051075,Parkinson - Drewvale,15585.00,1066.29,0.0%,0.0%,2.4%,0.0%,3.2%,12.9%,10.7%,18.1%,41.8%,10.8%,9
316051544,Peregian Springs,7337.00,1056.80,0.0%,0.0%,0.0%,0.0%,0.0%,38.3%,6.5%,22.8%,32.4%,0.0%,9
306011141,Redlynch,12808.00,1065.19,0.0%,3.4%,0.0%,3.1%,8.2%,10.6%,10.2%,2.8%,33.5%,28.2%,9
309051245,Reedy Creek - Andrews,7976.00,1059.99,0.0%,0.0%,16.0%,4.4%,0.0%,0.0%,18.3%,8.5%,17.2%,35.6%,9
310031294,Ripley,4624.00,1067.70,0.0%,0.0%,0.0%,0.0%,7.6%,9.3%,21.0%,0.0%,37.2%,24.9%,9
304011083,Riverhills,4042.00,1060.62,0.0%,0.0%,0.0%,0.0%,0.0%,16.6%,22.0%,19.5%,41.9%,0.0%,9
311051327,Shailer Park,11647.00,1069.67,0.0%,0.0%,0.0%,0.0%,5.2%,13.9%,11.9%,19.7%,19.4%,30.0%,9
310041304,Springfield Lakes,15429.00,1056.38,0.0%,0.0%,0.0%,0.0%,2.7%,3.0%,33.6%,37.7%,23.0%,0.0%,9
301021012,Thornlands,14694.00,1069.79,1.5%,0.0%,0.0%,1.9%,6.2%,14.1%,10.9%,3.1%,29.9%,32.3%,9
315011403,Weipa,3899.00,1064.47,0.0%,0.0%,0.0%,0.0%,0.0%,9.6%,11.8%,43.7%,34.9%,0.0%,9
301011006,Wellington Point,11576.00,1065.98,0.0%,0.0%,0.0%,3.1%,3.9%,12.7%,15.5%,11.2%,34.8%,18.8%,9
305031130,Windsor,7190.00,1070.16,0.0%,0.0%,0.0%,0.0%,11.6%,5.4%,19.6%,15.6%,23.6%,24.2%,9
303031066,Wishart,10815.00,1060.78,0.0%,0.0%,0.0%,7.6%,3.8%,13.7%,17.4%,26.7%,17.4%,13.5%,9
305031131,Wooloowin - Lutwyche,9745.00,1064.35,0.0%,0.0%,0.0%,5.1%,8.1%,14.2%,14.6%,15.4%,27.5%,15.1%,9
309061250,Worongary - Tallai,7884.00,1056.03,0.0%,0.0%,7.5%,5.2%,0.0%,5.9%,17.8%,33.9%,20.0%,9.7%,9
303021059,Yeronga,9490.00,1067.56,0.0%,0.0%,9.3%,0.0%,5.8%,19.1%,12.7%,3.8%,2.8%,46.4%,9
314011382,Albany Creek,15800.00,1086.27,0.0%,3.1%,0.0%,2.8%,0.0%,6.2%,3.8%,10.1%,29.9%,44.2%,10
305031119,Albion,2791.00,1084.19,0.0%,0.0%,0.0%,0.0%,0.0%,0.0%,0.0%,46.7%,38.4%,14.9%,10
305031120,Alderley,5999.00,1090.02,0.0%,0.0%,0.0%,0.0%,8.4%,0.0%,4.8%,23.8%,9.6%,53.4%,10
318021468,Annandale,10065.00,1076.79,0.0%,0.0%,0.0%,0.0%,3.0%,0.0%,22.8%,21.1%,23.1%,30.0%,10
305031121,Ascot,5145.00,1082.44,0.0%,0.0%,0.0%,0.0%,8.2%,22.1%,9.8%,8.9%,10.1%,41.0%,10
305041132,Ashgrove,13315.00,1108.56,0.0%,0.0%,0.0%,0.0%,3.4%,0.0%,0.0%,5.5%,16.3%,74.8%,10
305041133,Auchenflower,5499.00,1102.45,0.0%,0.0%,0.0%,0.0%,0.0%,0.0%,0.0%,6.9%,54.5%,38.6%,10
305021113,Balmoral,4228.00,1092.50,0.0%,0.0%,0.0%,0.0%,0.0%,14.5%,10.2%,0.0%,9.5%,65.8%,10
305041134,Bardon,9716.00,1114.56,0.0%,0.0%,0.0%,0.0%,0.0%,0.0%,0.0%,0.0%,14.2%,85.8%,10
304021086,Bellbowrie - Moggill,10103.00,1097.38,0.0%,0.0%,0.0%,0.0%,0.0%,0.0%,2.5%,18.6%,20.1%,58.8%,10
301011002,Belmont - Gumdale,7375.00,1089.11,0.0%,0.0%,0.0%,4.0%,4.2%,3.2%,0.0%,3.1%,36.2%,49.3%,10
302011023,Bridgeman Downs,8142.00,1109.12,0.0%,0.0%,0.0%,3.3%,0.0%,0.0%,0.0%,11.1%,10.1%,75.6%,10
302031036,Brisbane Airport,196.00,1095.15,0.0%,0.0%,0.0%,0.0%,0.0%,0.0%,0.0%,0.0%,100.0%,0.0%,10
304021087,Brookfield - Kenmore Hills,6748.00,1115.87,0.0%,0.0%,0.0%,0.0%,0.0%,8.3%,4.8%,0.0%,0.0%,86.8%,10
305021114,Bulimba,6704.00,1105.24,0.0%,0.0%,0.0%,0.0%,0.0%,0.0%,7.3%,7.3%,13.3%,72.2%,10
303011047,Camp Hill,11177.00,1101.49,0.0%,0.0%,0.0%,0.0%,0.0%,0.0%,0.0%,17.2%,16.2%,66.6%,10
303011051,Carindale,15710.00,1092.45,0.0%,0.0%,0.0%,0.0%,3.4%,5.6%,6.2%,13.3%,15.9%,55.6%,10
314011383,Cashmere,18805.00,1090.16,0.0%,0.0%,0.0%,4.0%,0.0%,1.2%,7.5%,10.1%,26.3%,50.9%,10
304021088,Chapel Hill,10311.00,1113.99,0.0%,0.0%,0.0%,0.0%,0.0%,0.0%,4.5%,0.0%,8.4%,87.2%,10
304031092,Chelmer - Graceville,7411.00,1116.66,0.0%,0.0%,0.0%,0.0%,0.0%,0.0%,0.0%,0.0%,0.0%,100.0%,10
303021053,Coorparoo,16040.00,1081.45,0.0%,0.0%,0.0%,0.0%,2.0%,10.0%,17.3%,18.2%,15.9%,36.6%,10
314011384,Dayboro,8489.00,1080.26,0.0%,0.0%,0.0%,0.0%,3.5%,0.0%,10.5%,15.5%,39.4%,31.0%,10
314011385,Eatons Hill,7973.00,1115.39,0.0%,0.0%,0.0%,0.0%,0.0%,0.0%,0.0%,3.8%,17.9%,78.2%,10
304021089,Fig Tree Pocket,4045.00,1127.12,0.0%,0.0%,0.0%,0.0%,0.0%,0.0%,0.0%,0.0%,0.0%,100.0%,10
305031123,Grange,4248.00,1113.29,0.0%,0.0%,0.0%,0.0%,0.0%,0.0%,0.0%,0.0%,25.7%,74.3%,10
305031124,Hamilton (Qld),6290.00,1089.98,0.0%,0.0%,0.0%,0.0%,0.0%,6.7%,17.8%,0.0%,43.9%,31.6%,10
305021116,Hawthorne,4971.00,1110.26,0.0%,0.0%,0.0%,0.0%,0.0%,0.0%,0.0%,23.9%,0.0%,76.1%,10
305031125,Hendra,4659.00,1093.32,0.0%,0.0%,0.0%,0.0%,0.0%,0.0%,0.0%,20.4%,20.4%,59.3%,10
317011450,Highfields,13180.00,1083.48,0.0%,0.0%,0.0%,0.0%,6.2%,0.0%,10.9%,16.3%,29.0%,37.7%,10
304011081,Jindalee - Mount Ommaney,7514.00,1089.29,0.0%,0.0%,0.0%,0.0%,0.0%,8.7%,3.3%,0.0%,56.2%,31.8%,10
310031289,Karalee - Barellan Point,5511.00,1080.08,0.0%,0.0%,0.0%,0.0%,0.0%,0.0%,13.1%,28.7%,43.1%,15.1%,10
310031290,Karana Downs,6089.00,1091.51,0.0%,0.0%,0.0%,0.0%,0.0%,7.6%,0.0%,20.0%,29.2%,43.2%,10
304021090,Kenmore,8765.00,1098.41,0.0%,0.0%,0.0%,0.0%,0.0%,5.2%,0.0%,2.6%,46.4%,45.8%,10
302011026,McDowall,7541.00,1098.73,0.0%,0.0%,0.0%,0.0%,0.0%,0.0%,6.5%,12.1%,22.6%,58.8%,10
317011452,Middle Ridge,7141.00,1084.46,0.0%,0.0%,0.0%,0.0%,0.0%,11.8%,11.3%,22.5%,18.1%,36.3%,10
305031128,Newstead - Bowen Hills,10638.00,1102.13,0.0%,0.0%,3.7%,0.0%,0.0%,18.7%,0.0%,0.0%,11.0%,66.6%,10
305021118,Norman Park,6298.00,1107.99,0.0%,0.0%,0.0%,0.0%,0.0%,0.0%,0.0%,7.2%,37.8%,55.0%,10
305041135,Paddington - Milton,10788.00,1102.96,0.0%,0.0%,0.0%,0.0%,0.0%,2.5%,0.0%,8.3%,24.3%,65.0%,10
304021091,Pinjarra Hills - Pullenvale,5398.00,1125.90,0.0%,0.0%,0.0%,5.7%,0.0%,0.0%,0.0%,0.0%,0.0%,94.3%,10
305041136,Red Hill (Qld),5744.00,1083.89,0.0%,0.0%,0.0%,0.0%,0.0%,6.8%,16.3%,15.8%,24.2%,36.9%,10
303031064,Rochedale - Burbank,6323.00,1099.68,0.0%,0.0%,0.0%,4.1%,0.0%,4.2%,0.0%,2.1%,18.2%,71.5%,10
314011387,Samford Valley,11754.00,1112.10,0.0%,0.0%,0.0%,0.0%,0.0%,2.7%,0.0%,6.1%,12.4%,78.8%,10
304011084,Seventeen Mile Rocks - Sinnamon Park,9556.00,1095.04,4.8%,0.0%,0.0%,0.0%,0.0%,0.0%,0.0%,16.9%,24.3%,53.9%,10
301021011,Sheldon - Mount Cotton,7909.00,1095.63,0.0%,0.0%,0.0%,0.0%,3.2%,8.5%,3.2%,9.7%,22.4%,53.0%,10
304031095,Sherwood,5642.00,1080.89,0.0%,0.0%,8.6%,0.0%,0.0%,13.3%,0.0%,9.5%,13.3%,55.3%,10
304031097,Taringa,8451.00,1078.27,0.0%,0.0%,0.0%,0.0%,3.5%,0.0%,9.1%,30.0%,34.6%,22.7%,10
303041071,Tarragindi,10670.00,1095.78,0.0%,0.0%,0.0%,0.0%,0.0%,0.0%,9.6%,7.3%,38.2%,45.0%,10
304041103,The Gap,16477.00,1099.83,0.0%,0.0%,0.0%,0.0%,1.4%,1.9%,0.0%,13.7%,24.4%,58.7%,10
314011386,The Hills District,23369.00,1084.72,0.0%,0.0%,0.0%,0.0%,2.5%,5.6%,4.5%,26.2%,26.2%,35.0%,10
305041137,Toowong,10800.00,1087.20,0.0%,0.0%,0.0%,0.0%,0.0%,6.2%,12.4%,16.0%,17.1%,48.2%,10
304041104,Upper Kedron - Ferny Grove,9907.00,1091.21,0.0%,0.0%,0.0%,7.8%,2.2%,0.0%,0.0%,6.6%,18.2%,65.2%,10
301031019,Wakerley,8997.00,1111.71,0.0%,0.0%,0.0%,0.0%,0.0%,0.0%,0.0%,7.2%,19.6%,73.2%,10
302021034,Wavell Heights,9786.00,1082.25,0.0%,0.0%,0.0%,0.0%,0.0%,6.4%,0.0%,30.0%,50.0%,13.6%,10
304011085,Westlake,4352.00,1107.96,0.0%,0.0%,0.0%,0.0%,0.0%,0.0%,0.0%,0.0%,28.9%,71.1%,10
305031129,Wilston,3934.00,1103.20,0.0%,0.0%,0.0%,0.0%,0.0%,0.0%,0.0%,16.5%,24.0%,59.5%,10
